runid,nc,nt,f0_sd,true_ATT,diff,bal1,bal2,or_lm,or_bart,ps_lm,ps_bart,csm_scm,csm_avg,cem_scm,cem_avg,onenn,tmle1,aipw1
1,1000,200,0.1,0.19843934661144558,0.41627355202082905,0.4162551634341811,0.27201356048864755,0.18326645305779213,0.21340548975799872,0.22967460772245685,0.2307524579750012,0.20936000894972295,0.2162447810113658,0.1798383163238848,0.1987534213872768,0.19070501720630695,0.2583147773196047,0.2349184667280814
2,1000,200,0.1,0.19805475826881677,0.4164746106443763,0.41648079415941697,0.2766568436115381,0.18497847477141166,0.22326035127984667,0.28176248448432506,0.23574058858448566,0.23467118164556677,0.23188700157985032,0.21970574486211747,0.2273530236194402,0.21818810858314597,0.28768621898358965,0.22019121229972888
3,1000,200,0.1,0.22253407639280126,0.42524093362571447,0.4252793202866386,0.27330800988574655,0.17431133317827652,0.22568962463925493,0.24291195088440298,0.23594674299225415,0.23192639936730874,0.2310170596741843,0.2109300524476116,0.21907994376693385,0.21884497133292413,0.2505826766770092,0.21499467302822364
4,1000,200,0.1,0.20565062216743885,0.41131510760771395,0.4110625717954828,0.25357148470897894,0.15399928594051457,0.19283881334085717,0.275549679699016,0.19536710287513892,0.1917454363270279,0.19698533300516874,0.18132305109769373,0.1787572492047261,0.18298582406689246,0.2477280914135053,0.23453586042219796
5,1000,200,0.1,0.2214194908762179,0.4273577634240513,0.42717512505241106,0.26115161061612735,0.1491755657915661,0.22936747681004446,0.3131908985557833,0.23513638989327157,0.22362074648228958,0.22817475535794407,0.21597138255266754,0.22001498032931846,0.20869714388733374,0.24991609276647792,0.21898016139020027
6,1000,200,0.1,0.21193865412987323,0.4199787006884792,0.42003352505277636,0.28893861853178027,0.20467134246393653,0.24005278222930398,0.27640836480231235,0.2556825306550009,0.24507276592903793,0.24448639075861667,0.24920781522886923,0.2445829299063352,0.2388892726724996,0.2824434882416476,0.242108149024851
